"User","ID","Nickname","@everyone","Huggingface ASR","MemberList","audio participant","new role","Server Booster","course participant","role setter","verified","ovh","Content Creator üèÜ","huggingfolks ü§ó","admin"
"MaveriQ#9154","734058862444806164","","@everyone","","","audio participant","","","","","verified","","","",""
"dls#3129","744627405125320809","","@everyone","","","audio participant","","","","","","","","",""
"nahid#6089","802407277402652712","","@everyone","","","audio participant","","","","","","","","",""
"Per Kummervold#3308","774188163458400287","","@everyone","","","audio participant","","","","","","","","",""
"kunal.suri#1834","702600879764668447","","@everyone","","","audio participant","","","","","verified","","","",""
"Aigiz#4101","257779538266685441","","@everyone","","","audio participant","","","","","","","","",""
"darkshadow1008#6897","466956866371715073","","@everyone","","","audio participant","","","","","verified","","","",""
"Mukami#1106","866044509427335228","","@everyone","","","audio participant","","","","","","","","",""
"mihajlik#6757","935072700601344081","","@everyone","","","audio participant","","","","","verified","","","",""
"andre.kasen#3076","694785058510471190","","@everyone","","","audio participant","","","","","","","","",""
"mirari#8291","760242848967688223","","@everyone","","","audio participant","","","","","","","","",""
"Lasse#2781","824206060675924029","","@everyone","","","audio participant","","","","","","","","",""
"Iamrhydian321#8866","930867496251179029","","@everyone","","","audio participant","","","","","","","","",""
"Marxav#5366","630390676563165204","","@everyone","","","audio participant","","","","","verified","","","",""
"ehiz#2347","719310600806727771","","@everyone","","","audio participant","","","course participant","","","","","",""
"arthur-s#4160","492775642140770316","","@everyone","","","audio participant","","","","","","","","",""
"hena#9728","886332546865057863","","@everyone","","","audio participant","","","","","","","","",""
"comodoro#0055","347499743381028876","","@everyone","","","audio participant","","","","","","","","",""
"Weiren#4646","714812784499753010","","@everyone","","","audio participant","","","","","verified","","","",""
"espejelomar#0100","705215116114788382","","@everyone","","","audio participant","","","","","","","","",""
"Mrinal18#4112","619602313413132288","","@everyone","","","audio participant","","","","","","","","",""
"Akshayextreme#5872","933702324935868426","","@everyone","","","audio participant","","","","","verified","","","",""
"shikhar2402#4968","831587401552887879","","@everyone","","","audio participant","","","","","","","","",""
"math#1776","870006884193693776","","@everyone","","","audio participant","","","","","","","","",""
"nauzk#7627","325019843885793290","","@everyone","","","audio participant","","","","","","","","",""
"swayam01#7953","827165982132797440","","@everyone","","","audio participant","","","","","","","","",""
"muntasir2000#0355","931718567307649024","","@everyone","","","audio participant","","","","","","","","",""
"Reem Gody#3420","456412308088946688","","@everyone","","","audio participant","","","","","","","","",""
"SG#1876","932648224773263360","","@everyone","","","audio participant","","","","","","","","",""
"jzuluaga#2768","930866426166775889","","@everyone","","","audio participant","","","","","","","","",""
"izzylaz#0010","933839952612057089","","@everyone","","","audio participant","","","","","","","","",""
"jsnfly#5406","931534295200309259","","@everyone","","","audio participant","","","","","","","","",""
"bhuang#2182","930887228538888202","","@everyone","","","audio participant","","","","","","","","",""
"pablouribep#9262","700414833790681150","","@everyone","","","audio participant","","","","","verified","","","",""
"jonatasgrosman#3040","315260000345915392","","@everyone","","","audio participant","","","","","","","","",""
"gattanasio#8974","498585802717265920","","@everyone","","","audio participant","","","","","","","","",""
"elsheikh#1451","568921480340045824","","@everyone","","","audio participant","","","","","verified","","","",""
"chayma#3661","932554038900301844","","@everyone","","","audio participant","","","","","","","","",""
"dknk#6104","656060300851937330","","@everyone","","","audio participant","","","","","","","","",""
"shpotes#1606","446759511919689729","","@everyone","","","audio participant","","","","","","","","",""
"chsurf#0642","844945508572856331","","@everyone","","","audio participant","","","","","","","","",""
"versae#1027","854476609130201108","","@everyone","","","audio participant","","","","","verified","","","",""
"sumedh#6068","415092965552291871","","@everyone","","","audio participant","","","","","","","","",""
"Savitar#1884","729518402133033022","","@everyone","","","audio participant","","","","","verified","","","",""
"Chandra Dhir#6379","934635047070343229","","@everyone","","","audio participant","","","","","","","","",""
"robinhad#5119","325359228757737484","","@everyone","","","audio participant","","","","","","","","",""
"MusicIsMyRadar#4482","382599904058671107","","@everyone","","","audio participant","","","","","","","","",""
"Tran N.M. Hoang#7449","839899588491214848","","@everyone","","","audio participant","","","course participant","","","","","",""
"gchhablani#1895","579235585877868562","","@everyone","","","audio participant","","","","","","","","",""
"arijitx#2358","837304647927463948","","@everyone","","","audio participant","","","","","","","","",""
"‚ó¢ nOmjeeb#3593","245939627687542785","","@everyone","","","audio participant","","","","","verified","","","",""
"Lucas Gris#2074","593211553508098155","","@everyone","","","audio participant","","","","","","","","",""
"Ruud_G#9708","801187670956179476","","@everyone","","","audio participant","","","course participant","","","","","",""
"Nicol√≤#3947","596977670923878410","","@everyone","","","audio participant","","","","","","","","",""
"ChainYo#3610","200362074801438731","","@everyone","","","audio participant","","","","","verified","","","",""
"kubami#5086","804079981675544636","","@everyone","","","audio participant","","","","","verified","","","",""
"Moumene#7155","409330372984438784","","@everyone","","","audio participant","","","","","","","","",""
"morg#4585","646652605556326400","","@everyone","","","audio participant","","","","","verified","","","",""
"tahsin_mayeesha#6800","470275877255512065","","@everyone","","","audio participant","","","","","","","","",""
"its poyoyo#0379","766539798399025202","","@everyone","","","audio participant","","","","","","","","",""
"Abir#3490","923511252595122187","","@everyone","","","audio participant","","","","","","","","",""
"bayar#6668","931003388697661490","","@everyone","","","audio participant","","","","","","","","",""
"Karim Foda#7613","823494013285040189","","@everyone","","","audio participant","","","","","","","","",""
"Luca Colomba#6937","819885773599014922","","@everyone","","","audio participant","","","","","","","","",""
"Atowar Hussain#2766","890869262674173963","","@everyone","","","audio participant","","","","","","","","",""
"Salil Gautam#4544","546994137480822784","","@everyone","","","audio participant","","","","","","","","",""
"slughorn#7937","870311378261516309","","@everyone","","","audio participant","","","","","","","","",""
"Ashay#8032","397569582027505670","","@everyone","","","audio participant","","","","","","","","",""
"ruka#9535","330743261326999553","","@everyone","","","audio participant","","","","","","","","",""
"Vladimir Gurevich#6400","216929173250244608","","@everyone","","","audio participant","","","","","","","","",""
"joheras#4239","616163142656983060","","@everyone","","","audio participant","","","","","","","","",""
"KalmanFilter#8238","701704565992587335","","@everyone","","","audio participant","","","course participant","","verified","","","",""
"Shreya Sajal#1477","730443948161761332","","@everyone","","","audio participant","","","","","","","","",""
"csikasote#5355","822509131125620736","","@everyone","","","audio participant","","","","","","","","",""
"patrickliu2011#9896","318591414202269698","","@everyone","","","audio participant","","","","","verified","","","",""
"Luke_66#1485","702564345837781107","","@everyone","","","audio participant","","","","","","","","",""
"iMayK#6813","905480547650924564","","@everyone","","","audio participant","","","","","","","","",""
"aaaaaaaaaaaaaa#4158","908326104643817472","eend","@everyone","","","audio participant","","","course participant","","","","","",""
"yehors#1733","592079641775439877","","@everyone","","","audio participant","","","","","verified","","","",""
"RaghulNalli#0506","882623317989789746","","@everyone","","","audio participant","","","","","","","","",""
"Bharat#3278","741325961940959285","","@everyone","","","audio participant","","","course participant","","verified","","","",""
"Bhavya Dhingra#5507","691641577814229062","","@everyone","","","audio participant","","","","","verified","","","",""
"Naveen#3578","744623616305659976","","@everyone","","","audio participant","","","","","","","","",""
"th√©o gigant#9781","290228868332388352","Th√©o Gigant","@everyone","","","audio participant","","","course participant","","","","","",""
"SHL#7311","662478090219421727","","@everyone","","","audio participant","","","","","","","","",""
"Yixuan#0518","897097411661533225","","@everyone","","","audio participant","","","","","","","","",""
"Muhammad.Ali#2448","759166467190554624","","@everyone","","","audio participant","","","","","","","","",""
"Shun#3708","704429578399121408","","@everyone","","","audio participant","","","","","","","","",""
"Quicksilver#7391","695903938851110954","","@everyone","","","audio participant","","","","","","","","",""
"sourab_mangrulkar#7558","871797575454425159","","@everyone","","","audio participant","","","","","verified","","","",""
"Samir#8053","787986976463912980","","@everyone","","","audio participant","","","","","","","","",""
"GulleBadn#8186","689570280032567311","","@everyone","","","audio participant","","","","","","","","",""
"Sishir#9474","903978399939301407","","@everyone","","","audio participant","","","","","","","","",""
"Thiam M√©k√† de Goguenheim#2942","830797701837881394","","@everyone","","","audio participant","","","","","","","","",""
"Thomas Simonini#8611","907238188978950215","","@everyone","","","audio participant","","","course participant","","","","","huggingfolks ü§ó","admin"
"reza_kakhki#5941","621724162179727370","","@everyone","","","audio participant","","","","","","","","",""
"dark.nihilist19#3499","735532696964562945","","@everyone","","","audio participant","","","","","","","","",""
"akbar20gh#3508","895551292980723805","","@everyone","","","audio participant","","","","","","","","",""
"djparedes#5057","710242339762864199","","@everyone","","","audio participant","","","","","","","","",""
"Harry Saini#6637","483161890894118923","","@everyone","","","audio participant","","","course participant","","","","","",""
"Lucio#6767","751093888885719132","","@everyone","","","audio participant","","","","","verified","","","",""
"demre#4307","321792045066747905","","@everyone","","","audio participant","","","","","","","","",""
"iskaj#7222","271998212653449217","","@everyone","","","audio participant","","","","","","","","",""
"ShubhangDesai#5732","933997861425774624","","@everyone","","","audio participant","","","","","","","","",""
"Soheiltp#9250","861079924964982814","","@everyone","","","audio participant","","","","","","","","",""
"Keqing#8528","270736910245298177","Jonathan Sum","@everyone","","","audio participant","","","","","","","","",""
"Cahya#4026","690239032709349435","","@everyone","","","audio participant","","","course participant","","","","","",""
"cyrta#1321","485040744973729823","","@everyone","","","audio participant","","","","","","","","",""
"othrif#5139","800917555588890624","","@everyone","","","audio participant","","","","","","","","",""
"param.bharat#5082","838950644010057728","","@everyone","","","audio participant","","","","","","","","",""
"Johny Joestar#7254","620893801313075201","","@everyone","","","audio participant","","","","","","","","",""
"zacko#9218","576280712332705792","","@everyone","","","audio participant","","","","","","","","",""
"youssefadarrab#9730","927895627772338256","","@everyone","","","audio participant","","","","","","","","",""
"kingabzpro#2593","909573445833080833","","@everyone","","","audio participant","","","","","","","","",""
"Merve#3234","697163495170375891","","@everyone","","","audio participant","","","","","verified","","","huggingfolks ü§ó","admin"
"stouf#0647","218786100855046155","","@everyone","","","audio participant","","","","","","","","",""
"jags#6389","544126527852380190","","@everyone","","","audio participant","","","","","verified","","","",""
"firefrog#3005","927916899969400873","","@everyone","","","audio participant","","","","","","","","",""
"ms#2267","737345372279799883","","@everyone","","","audio participant","","","","","","","","",""
"aalekhn#5261","365756967035207681","","@everyone","","","audio participant","","","","","","","","",""
"_Etherious_Natsu_Dragneel_#0266","393135181898186762","","@everyone","","","audio participant","","","","","","","","",""
"minicast#5642","848253978554007603","","@everyone","","","audio participant","","","course participant","","verified","","","",""
"mobedkova#2779","496366750905008157","","@everyone","","","audio participant","","","","","","","","",""
"preta#9451","592063276876300318","","@everyone","","","audio participant","","","","","","","","",""
"jerrychatz#7551","689193571643162639","","@everyone","","","audio participant","","","","","","","","",""
"dl_amit#8567","719566453782872075","","@everyone","","","audio participant","","","","","","","","",""
"Krishna#3709","698930805275099156","","@everyone","","","audio participant","","","","","verified","","","",""
"harveenchadha#7362","427371363796516884","","@everyone","","","audio participant","","","","","verified","","","",""
"bkouhi#4182","931505683763982336","","@everyone","","","audio participant","","","","","","","","",""
"lemswasabi#0594","494544694613770270","","@everyone","","","audio participant","","","","","","","","",""
"Per Erik Solberg#4357","734724592416850000","","@everyone","","","audio participant","","","","","","","","",""
"aniketmaurya#8637","528825700111876097","","@everyone","","","audio participant","","","","","","","","",""
"sainathpawar#7409","933593121344864306","","@everyone","","","audio participant","","","","","","","","",""
"Sleepy_zzzzz#3600","585124329671491585","","@everyone","","","audio participant","","","","","","","","",""
"alighofrani#7761","882156165356740629","","@everyone","","","audio participant","","","","","","","","",""
"Kn1ghtF1re#0001","268417160802467841","","@everyone","","","audio participant","","","","","verified","","","",""
"jumpr#5138","384188226178646037","","@everyone","","","audio participant","","","","","","","","",""
"AiragairaGod#8542","756523883221221478","","@everyone","","","audio participant","","","","","","","","",""
"galuhsahid#6540","480992446965350411","","@everyone","","","audio participant","","","","","","","","",""
"Arto#7478","743491747619012672","","@everyone","","","audio participant","","","course participant","","","","","",""
"manandey#7674","709247292753969162","","@everyone","","","audio participant","","","course participant","","verified","","","",""
"nguyenvulebinh#4352","872480442094342234","","@everyone","","","audio participant","","","","","","","","",""
"esalesky#3825","886271875100078131","","@everyone","","","audio participant","","","","","","","","",""
"cufa#6199","652202036229701642","","@everyone","","","audio participant","","","","","","","","",""
"Anurag Singh#5200","410397560675762176","","@everyone","","","audio participant","","","course participant","","verified","","","",""
"Charan Singh#2634","728232835873374310","","@everyone","","","audio participant","","","","","","","","",""
"paulovn#8542","860247360998866954","","@everyone","","","audio participant","","","","","","","","",""
"vasilis#3939","754846459148369941","","@everyone","","","audio participant","","","","","","","","",""
"Bis#2836","722768677451202570","","@everyone","","","audio participant","","","","","","","","",""
"Fhrozen#7807","477685150998593542","","@everyone","","","audio participant","","","","","verified","","","",""
"geniusnhu#6829","923139529685233665","","@everyone","","","audio participant","","","","","","","","",""
"onixid#1445","199955887559933952","","@everyone","","","audio participant","","","","","","","","",""
"boruto nguyen#4541","252976889453477888","","@everyone","","","audio participant","","","","","","","","",""
"cleverclover(James)#4108","321041604746018816","","@everyone","","","audio participant","","","","","verified","","","",""
"FitoDS#6925","932608182570852403","","@everyone","","","audio participant","","","","","","","","",""
"infinitejoy#2934","825368214686924830","","@everyone","","","audio participant","","","","","","","","",""
"space-samurai#3478","893791762324262943","","@everyone","","","audio participant","","","","","","","","",""
"lbourdois#8829","854077333388394538","","@everyone","","","audio participant","","","","","verified","","","",""
"priyajay#0703","932831309699612702","","@everyone","","","audio participant","","","","","","","","",""
"Rolv#1337","234756082243862528","","@everyone","","","audio participant","","","","","","","","",""
"R4ZZ3#6068","284216039544193024","","@everyone","","","audio participant","","","","","","","","",""
"atom#6933","885786246952124457","atom","@everyone","","","audio participant","","","course participant","","verified","","","",""
"antonioalves#1587","732260594656477214","","@everyone","","","audio participant","","","","","","","","",""
"atombo#6890","484529166645985310","","@everyone","","","audio participant","","","","","verified","","","",""
"ignacio-ferreira-dev#1601","921403985104084993","","@everyone","","","audio participant","","","","","","","","",""
"Martijn Bartelds#2790","788331736248745984","","@everyone","","","audio participant","","","","","","","","",""
"bagusu#2381","733851083960614933","","@everyone","","","audio participant","","","","","","","","",""
"yuvi#4087","759034957619658772","","@everyone","","","audio participant","","","course participant","","verified","","","",""
"tiena2cva#4343","451055099612233729","","@everyone","","","audio participant","","","","","","","","",""
"DS-ali#1566","494935024068460555","","@everyone","","","audio participant","","","","","verified","","","",""
"krirk#3345","697659211106091049","","@everyone","","","audio participant","","","","","","","","",""
"aleu#7003","229848788318158849","","@everyone","","","audio participant","","","","","","","","",""
"Opeyemi#2237","682138038868246548","","@everyone","","","audio participant","","","","","verified","","","",""
"kindness#6710","619309953890648084","","@everyone","","","audio participant","","","","","verified","","","",""
"smaximo#8927","712891236813373461","","@everyone","","","audio participant","","","","","verified","","","",""
"Vinay#3516","909110097245007974","","@everyone","","","audio participant","","","","","","","","",""
"kapila#3395","756549474394046582","","@everyone","","","audio participant","","","","","verified","","","",""
"abhaygarg#6865","827213984825737296","","@everyone","","","audio participant","","","","","","","","",""
"sthitap#1579","931914171581341757","","@everyone","","","audio participant","","","","","","","","",""
"Shivam#1848","824274698275782706","","@everyone","","","audio participant","","","","","","","","",""
"Ceyda Cinarel#3293","816382137300287590","","@everyone","","","audio participant","","","","","verified","","","",""
"melvin_samuel#8900","933953107421982750","","@everyone","","","audio participant","","","","","","","","",""
"beats#4858","503627855603826703","","@everyone","","","audio participant","","","","","","","","",""
"Devforto#6011","220628748947423233","","@everyone","","","audio participant","","","","","verified","","","",""
"maximedb#7043","918627512651743262","","@everyone","","","audio participant","","","","","","","","",""
"saitomar#0599","260833805319929856","","@everyone","","","audio participant","","","","","","","","",""
"DewiBrynJones#3209","932595126277115904","","@everyone","","","audio participant","","","","","","","","",""
"mishig#1420","453010718015488020","","@everyone","","","audio participant","","","","","verified","","","huggingfolks ü§ó",""
"codewizard#2748","137749207267278848","","@everyone","","","audio participant","","","","","","","","",""
"marinone94#4373","931113055331430400","","@everyone","","","audio participant","","","","","verified","","","",""
"Saied#8411","847408736711475201","","@everyone","","","audio participant","","","","","verified","","","",""
"AndrewMcDowell#4196","765866091540250626","","@everyone","","","audio participant","","","","","verified","","","",""
"Antoine_M#9763","689746142652530720","","@everyone","","","audio participant","","","","","","","","",""
"rohanj_02#2012","581335842686238741","","@everyone","","","audio participant","","","","","","","","",""
"Miso#6813","213634384484499456","","@everyone","","","audio participant","","","","","verified","","","",""
"smonaco#3962","820007690012590110","","@everyone","","","audio participant","","","","","","","","",""
"Racer#1465","627828464434806785","","@everyone","","","audio participant","","","","","","","","",""
"Zhaolin#3997","572087871813451776","","@everyone","","","audio participant","","","","","","","","",""
"Nouamane#3184","336293882964869131","","@everyone","","","audio participant","","","course participant","","verified","","","",""
"robz#5552","236503106693627905","","@everyone","","","audio participant","","","","","","","","",""
"dschettler#2718","932753930381824021","","@everyone","","","audio participant","","","","","verified","","","",""
"sean#9065","748904433093443686","","@everyone","","","audio participant","","","course participant","","verified","","","",""
"anindabitm#7658","758699438616871012","","@everyone","","","audio participant","","","course participant","","verified","","","",""
"Narsil#9151","414381473974583308","","@everyone","","","audio participant","","","","","verified","","","huggingfolks ü§ó",""
"spatil6#6172","797351822842396712","","@everyone","","","audio participant","","","","","","","","",""
"pbatchu#3710","699918235889434644","","@everyone","","","audio participant","","","","","","","","",""
"HSO Oliveira#2578","547121252851253248","","@everyone","","","audio participant","","","","","","","","",""
"Moch Ari Nasichuddin#1829","718280952039735396","","@everyone","","","audio participant","","","","","","","","",""
"anton-l#6731","903673944350011543","","@everyone","","","audio participant","","","","","verified","","","huggingfolks ü§ó",""
"toby_g#5926","931121547492601879","","@everyone","","","audio participant","","","","","","","","",""
"DeivM#5882","702395163531542538","","@everyone","","","audio participant","","","","","","","","",""
"JeffreyMichael#0031","461221084751069214","","@everyone","","","audio participant","","","","","","","","",""
"satish#1409","857507080143241216","","@everyone","","","audio participant","","","","","","","","",""
"mattchurgin#6937","640161867334942720","","@everyone","","","audio participant","","","","","","","","",""
"NekoDenka#5227","369931672889720852","","@everyone","","","audio participant","","","","","","","","",""
"azuur#5988","666390299626569756","","@everyone","","","audio participant","","","","","","","","",""
"xgrant#5906","932636884981653605","","@everyone","","","audio participant","","","","","","","","",""
"patrickvonplaten#1220","930108582479941643","","@everyone","","","audio participant","","","course participant","","","","","huggingfolks ü§ó",""
"silver#2391","682905830189957149","","@everyone","","","audio participant","","","","","","","","",""
"groupdelay#2704","911097831283122196","groupdelay","@everyone","","","audio participant","","","","","","","","",""
"rashmib#7358","461536009432072193","","@everyone","","","audio participant","","","","","verified","","Content Creator üèÜ","",""
"sefabey#6303","920296293358772325","","@everyone","","","audio participant","","","","","","","","",""
"Mohamed Nabih#7817","916238341194788875","","@everyone","","","audio participant","","","","","","","","",""
"nasimalam086#8489","930877776326705183","","@everyone","","","audio participant","","","","","","","","",""
"FremyCompany#9995","528665174559686658","","@everyone","","","audio participant","","","","","","","","",""
"promach#1033","523900892626550814","","@everyone","","","audio participant","","","","","","","","",""
"StephennFernandes#2961","690929173417427025","","@everyone","","","audio participant","","","","","","","","",""
"Rohitashwa Chakraborty#2298","863852206935769108","","@everyone","","","audio participant","","","","","","","","",""
"potaeytopotaato#3926","674496747317493760","","@everyone","","","audio participant","","","","","","","","",""
"eabayed#4774","933071618153013269","","@everyone","","","audio participant","","","","","verified","","","",""
"ericlam#8300","751630124616777872","voidful","@everyone","","","audio participant","","","","","verified","","","",""
"SK124#3685","898267415115354113","","@everyone","","","audio participant","","","","","","","","",""
"psych0man#4316","708004502967549983","SV @W&B (he/him)","@everyone","","","audio participant","","","","","","","","",""
"shoubhik chakraborty#1850","931565594183081984","","@everyone","","","audio participant","","","","","","","","",""
"rajAR#6384","689570294956163101","","@everyone","","","audio participant","","","","","","","","",""
"shyam#4646","765114251509104651","","@everyone","","","audio participant","","","","","","","","",""
"Tinsae Wondimu Techanea#7491","790494865602510889","","@everyone","","","audio participant","","","","","","","","",""
"Wikidepia#1208","573637366242213917","","@everyone","","","audio participant","","","","","","","","",""
"Sarcasticvibes#2126","210710675465568256","","@everyone","","","audio participant","","","","","verified","","","",""
"VB#3848","712544861504405525","","@everyone","","","audio participant","","","","","verified","","Content Creator üèÜ","",""
"Dat Nguyen#4146","183163759848718337","","@everyone","","","audio participant","","","","","verified","","","",""
"Vesuvius#4664","747841255408664650","","@everyone","","","audio participant","","","","","","","","",""
"Florian Zimmermeister#5185","494104092961013761","","@everyone","","","audio participant","","","","","","","","",""
"Puffy Avocado#7496","550429327003615232","","@everyone","","","audio participant","","","","","verified","","","",""
"yasirabd#8905","207148142896873475","","@everyone","","","audio participant","","","","","","","","",""
"Bastien#4545","465885046503374858","","@everyone","","","audio participant","","","","","verified","ovh","","",""
"chiefchiefling#8658","429534197569552385","","@everyone","","","audio participant","","","","","","","","",""
"Rashwan#0454","408553901864910848","","@everyone","","","audio participant","","","","","","","","",""
"Nandhu#0752","821660423232552980","","@everyone","","","audio participant","","","","","","","","",""
"Maha#8840","932864828337451098","","@everyone","","","audio participant","","","","","","","","",""
"sank96#7073","504563796476428311","","@everyone","","","audio participant","","","course participant","","","","","",""
"shafi#8433","904626069485785108","","@everyone","","","audio participant","","","course participant","","","","","",""
"abdou#2669","614049369062375424","","@everyone","","","audio participant","","","","","verified","","","",""
"Max Brashear#4099","786580131484794910","","@everyone","","","audio participant","","","","","","","","",""
"(UiA) Sander Jyhne#1341","340263870218371083","","@everyone","","","audio participant","","","","","","","","",""
"Gusti Winata#1732","418596029324328980","","@everyone","","","audio participant","","","","","","","","",""
"mpoyraz#8133","932682887365529691","","@everyone","","","audio participant","","","","","","","","",""
"ravirajoshi#7463","931611801655857214","","@everyone","","","audio participant","","","","","","","","",""
"khushbu16pahwa#1759","912125646644330566","","@everyone","","","audio participant","","","","","","","","",""
"Khalid#8401","869525984842493962","","@everyone","","","audio participant","","","course participant","","","","","",""
"Subramanyam Raghuvamsidhar#7872","816187484459368479","","@everyone","","","audio participant","","","","","","","","",""
"ChienVM#8204","398368746034561026","","@everyone","","","audio participant","","","","","","","","",""
"Little#0569","154420816803659777","","@everyone","","","audio participant","","","","","verified","","","",""
"Tilek Chubakov (he/him)#9798","844960944936583170","","@everyone","","","audio participant","","","","","","","","",""
"kingabzpro#2816","256279893162065920","","@everyone","","","audio participant","","","","","verified","","Content Creator üèÜ","",""
"MarieChristine / OVHcloud#9250","825003559560544317","","@everyone","","","audio participant","","","","","","","","",""
"NaleRaphael#1308","370515331505979393","","@everyone","","","audio participant","","","","","","","","",""
"Nive#6368","933765895556317184","","@everyone","","","audio participant","","","","","","","","",""
"Grishous#5984","461972996102553607","","@everyone","","","audio participant","","","","","","","","",""
"polo#8660","634041723529592863","","@everyone","","","audio participant","","","","","","","","",""
"salviosage#8555","545886262620454919","","@everyone","","","audio participant","","","","","","","","",""
"bruno_brandao_borges#4004","458061669348933644","","@everyone","","","audio participant","","","","","","","","",""
"metakosmia#7927","791327391858950185","","@everyone","","","audio participant","","","","","","","","",""
"PrateekAgrawal#4907","323372730240204801","","@everyone","","","audio participant","","","","","verified","","","",""
"npc#3673","872132005700198441","","@everyone","","","audio participant","","","","","","","","",""
"Rain ‚ô•#3557","664593100722667530","","@everyone","","","audio participant","","","","","","","","",""
"Abdul Hafeez Galib#0104","791006048014041089","","@everyone","","","audio participant","","","","","","","","",""
"AnshaKamath#3428","888003380310593576","","@everyone","","","audio participant","","","","","","","","",""
"Aho#3426","690654252732907672","","@everyone","","","audio participant","","","","","","","","",""
"Trang Lam#5524","803226007917297674","","@everyone","","","audio participant","","","","","","","","",""
"surajpatil#3994","744045478554894347","","@everyone","","","audio participant","","","","","","","","huggingfolks ü§ó",""
"particular-salim#5902","780865967190179880","","@everyone","","","audio participant","","","","","","","","",""
"Nis#0825","383501840312041473","","@everyone","","","audio participant","","","","","verified","","","",""
"Priyanshu#4075","627527348610269194","","@everyone","","","audio participant","","","","","verified","","","",""
"jason.wolosonovich#3727","931981539728822273","","@everyone","","","audio participant","","","","","","","","",""
"Santosh Rabad#3969","896712886578184222","","@everyone","","","audio participant","","","","","","","","",""
"ekansh#5824","716223758066647060","","@everyone","","","audio participant","","","","","","","","",""
"sndpkirwai#4132","891883621915435058","","@everyone","","","audio participant","","","","","","","","",""
"cleong1#7292","824274285093847100","","@everyone","","","audio participant","","","","","","","","",""
"Swabe#1620","341293460072169475","","@everyone","","","audio participant","","","","","","","","",""
"gsarathkumar#2623","874023960910626888","","@everyone","","","audio participant","","","","","","","","",""
"Jimney#1200","737255598663663626","","@everyone","","","audio participant","","","","","","","","",""
"Rb_paradox#1256","548738999473143811","","@everyone","","","audio participant","","","","","","","","",""
"Bhadresh#6096","682062292912963601","","@everyone","","","audio participant","","","","","","","","",""
"will-rice#0666","261679600407543808","will","@everyone","","","audio participant","","","","","verified","","","",""
"truent#8936","221032978703319040","Quentin Lhoest","@everyone","","","audio participant","","","","","","","","huggingfolks ü§ó",""
"samxu#6519","515025350271565825","","@everyone","","","audio participant","","","","","","","","",""
"kinve#8599","702315138627403806","","@everyone","","","audio participant","","","","","","","","",""
"vutankiet2901#5452","931434623886557194","","@everyone","","","audio participant","","","","","","","","",""
"adi8885#5841","931117141422395393","","@everyone","","","audio participant","","","","","","","","",""
"HAT#8114","778274180012834856","","@everyone","","","audio participant","","","","","","","","",""
"edu#6612","693211295297830952","","@everyone","","","audio participant","","","","","verified","","","",""
"Akarsh#6133","766944519232028675","","@everyone","","","audio participant","","","","","","","","",""
"LittlePea13#5575","346436741856624640","","@everyone","","","audio participant","","","","","verified","","","",""
"Acip#7280","259134624125550604","","@everyone","","","audio participant","","","","","","","","",""
"stevenh#7129","930877866915299410","","@everyone","","","audio participant","","","","","","","","",""
"Gokul#8705","838704207606710283","","@everyone","","","audio participant","","","","","","","","",""
"Vikram#5784","585134324026966027","","@everyone","","","audio participant","","","","","verified","","","",""
"w11wo#1400","258494749453844481","","@everyone","","","audio participant","","","","","","","","",""
"khursani8#1240","212549736320729088","","@everyone","","","audio participant","","","","","","","Content Creator üèÜ","",""
"birger#9619","142679767047602176","","@everyone","","","audio participant","","","course participant","","","","","",""
"mani#4187","748775058125881365","","@everyone","","","audio participant","","","","","","","","",""
"alkiskoudounas#5145","799940741832507422","","@everyone","","","audio participant","","","","","","","","",""
"Gagan#3204","643198513852973093","","@everyone","","","audio participant","","","course participant","","","","","",""
"hoony#2757","711979224482840697","","@everyone","","","audio participant","","","","","","","","",""
"RobinRC#6732","717819465370173500","","@everyone","","","audio participant","","","","","","","","",""
"fnr#8104","231522068137639936","","@everyone","","","audio participant","","","","","","","","",""
"yaswanth#1616","872083288091656203","","@everyone","","","audio participant","","","","","","","","",""
"manu.romero#4255","732580153112395846","","@everyone","","","audio participant","","","course participant","","verified","","Content Creator üèÜ","",""
"Carlosbogo#7715","905041120508129290","","@everyone","","","audio participant","","","","","verified","","","",""
"rdpb#9480","706205722609975298","","@everyone","","","audio participant","","","","","verified","","","",""
"cis_pie#0980","709101827370516481","","@everyone","","","audio participant","","","","","","","","",""
"üåöüåû#6003","677242253240172552","i4n","@everyone","","","audio participant","","","","","","","","",""
"cstorm125#9364","369808343813849088","","@everyone","","","audio participant","","","","","","","","",""
"‚úø‚òÜ.ÔΩ°.Lily .ÔΩ°.‚òÜ‚úø#8290","319524640479379466","","@everyone","","","audio participant","","","course participant","","","","","",""
"douane#5807","743547147152261142","","@everyone","","","audio participant","","","","","","","","",""
"MarieChristine / OVHcloud#4911","819917428459831326","","@everyone","","","audio participant","","","","","","","","",""
"reichenbach#5909","477156644959027200","","@everyone","","","audio participant","","","","","","","","",""
"Arman__#5577","792679143737262091","","@everyone","","","audio participant","","","","","","","","",""
"chiragjn#6761","523834284453396480","","@everyone","","","audio participant","","","","","","","","",""
"Haseox1#7463","187067678740054025","","@everyone","","","audio participant","","","","","","","","",""
"Drishti#9195","909575851383849071","","@everyone","","","audio participant","","","course participant","","","","","",""
"Udbhav#6050","442632668417622018","","@everyone","","","audio participant","","","course participant","","","","","",""
"prj#1227","433331184609656833","","@everyone","","","audio participant","","","","","","","","",""
"mlaquatra#6319","824196366733148170","","@everyone","","","audio participant","","","","","verified","","","",""
"Satwik#9052","933561838484983838","","@everyone","","","audio participant","","","","","","","","",""
"jason.wolosonovich#4996","860589887966806037","","@everyone","","","audio participant","","","","","verified","","","",""
"Eesungkim#3207","930979895490781255","","@everyone","","","audio participant","","","","","","","","",""
"shahu#3715","778871562803216415","","@everyone","","","audio participant","","","course participant","","","","","",""
"TODA TAKAMICHI#9452","758117509596577853","","@everyone","","","audio participant","","","","","","","","",""
"asadullah797#2602","931517058456358912","","@everyone","","","audio participant","","","","","","","","",""
"gamata#9827","805017492043989012","","@everyone","","","audio participant","","","","","","","","",""
"masapasa#5720","397486336208273408","","@everyone","","","audio participant","","","course participant","","verified","","","",""
"caneiro#4077","842886254684274690","","@everyone","","","audio participant","","","","","verified","","","",""
"Jessica .#2338","838808229827575899","","@everyone","","","audio participant","","","course participant","","","","","",""
"Omar Sanseviero#6198","251101219542532097","","@everyone","","","audio participant","","","course participant","","verified","","","huggingfolks ü§ó","admin"
"cronopio#8669","515273424655089665","","@everyone","","","audio participant","","","","","","","","",""
"R32vik#1291","647012278075523092","","@everyone","","","audio participant","","","","","","","","",""
"Lysandre#5822","188004802893053952","","@everyone","","","audio participant","","","","","","","","huggingfolks ü§ó",""
"MANIAC#8477","622141644510199841","","@everyone","","","audio participant","","","","","","","","",""
"Aastha#4670","714720545333182475","","@everyone","","","audio participant","","","","","verified","","","",""
"ciaran#2166","907713391106334730","","@everyone","","","audio participant","","","","","","","","",""
"Saied#6323","900320613527347230","","@everyone","","","audio participant","","","","","","","","",""
"lalalalalalala#4690","712454117372723230","","@everyone","","","audio participant","","","","","","","","",""
"Omar Sanseviero#9173","914800897731735623","","@everyone","","","audio participant","","","","","","","","",""
"sukuya#2845","613656448123273226","","@everyone","","","audio participant","","","","","","","","",""
"Mofe#1025","735938793798107157","","@everyone","","","audio participant","","","","","","","","",""
"DrLouloute#2663","781876662403989536","","@everyone","","","audio participant","","","","","","","","",""
"a.kevin / OVHCLOUD#6931","900660911407267880","","@everyone","","","audio participant","","","","","","ovh","","",""
"vishay#3917","933802945181536346","","@everyone","","","audio participant","","","","","","","","",""
"Yannis#9499","475277767806681099","","@everyone","","","audio participant","","","","","","","","",""
"Jyve#4413","701501798640517201","","@everyone","","","audio participant","","","","","verified","","","",""
"gullabi#0076","830836645849726977","","@everyone","","","audio participant","","","","","","","","",""
"Binh Nguyen#5152","869027627103563816","","@everyone","","","audio participant","","","","","","","","",""
"KGhon#8292","890974557970792493","","@everyone","","","audio participant","","","","","","","","",""
"Mar√≠a Grandury#0971","833840009097248851","","@everyone","","","audio participant","","","","","verified","","","",""
